occupation_name_en,course_name,name,district,state,lat,lon,source,source_year,is_demo,needs_review,provider_type,affiliation,has_female_trainers,has_hostel,transport_note,safety_certified
Fitter,ITI Fitter,Government ITI Kanpur,Kanpur,Uttar Pradesh,26.4499,80.3319,demo_synth_2026,2026,true,false,Government ITI,NCVT,true,true,Bus shuttle from Central Station,true
Fitter,ITI Fitter,NSTI Lucknow,Lucknow,Uttar Pradesh,26.8467,80.9462,demo_synth_2026,2026,true,false,NSTI,NCVT,true,false,Adjacent to metro feeder route,true
Turner,ITI Turner,Government ITI Varanasi,Varanasi,Uttar Pradesh,25.3176,82.9739,demo_synth_2026,2026,true,false,Government ITI,NCVT,false,true,Public bus route 14 stops at gate,true
Turner,ITI Turner,PMKK Skill Hub Patna,Patna,Bihar,25.5941,85.1376,demo_synth_2026,2026,true,false,PMKK Skill Hub,MSDE,true,true,5 mins walk from Rajendra Nagar terminal,true
Machinist,ITI Machinist,Government ITI Gaya,Gaya,Bihar,24.7955,85.0002,demo_synth_2026,2026,true,false,Government ITI,NCVT,true,true,Dedicated institute transport available,true
Machinist,ITI Machinist,Industrial Training Centre Nagpur,Nagpur,Maharashtra,21.1458,79.0882,demo_synth_2026,2026,true,false,Industrial Training Centre,MSDE,true,false,Metro feeder line stop within 200m,true
Welder,ITI Welder,Government ITI Pune,Pune,Maharashtra,18.5204,73.8567,demo_synth_2026,2026,true,false,Government ITI,NCVT,false,true,PMPML bus stand at campus gate,true
Welder,ITI Welder,NSTI Nashik,Nashik,Maharashtra,19.9975,73.7898,demo_synth_2026,2026,true,false,NSTI,NCVT,true,true,City transit connectivity available,true
Electrician,ITI Electrician,Government ITI Jaipur,Jaipur,Rajasthan,26.9124,75.7873,demo_synth_2026,2026,true,false,Government ITI,NCVT,true,true,Direct low-floor bus connectivity,true
Electrician,ITI Electrician,PMKK Skill Hub Jodhpur,Jodhpur,Rajasthan,26.2389,73.0243,demo_synth_2026,2026,true,false,PMKK Skill Hub,MSDE,true,false,Bus stop right opposite main gate,true
Electronics Mechanic,ITI Electronics Mechanic,Government ITI Bhopal,Bhopal,Madhya Pradesh,23.2599,77.4126,demo_synth_2026,2026,true,false,Government ITI,NCVT,false,true,City link bus service every 15 mins,true
Electronics Mechanic,ITI Electronics Mechanic,Industrial Training Centre Indore,Indore,Madhya Pradesh,22.7196,75.8577,demo_synth_2026,2026,true,false,Industrial Training Centre,MSDE,true,true,iBus BRTS station 300m away,true
Mechanic Motor Vehicle,ITI Motor Vehicle Mechanic,Government ITI Ahmedabad,Ahmedabad,Gujarat,23.0225,72.5714,demo_synth_2026,2026,true,false,Government ITI,NCVT,true,true,AMTS route 42 terminates at gate,true
Mechanic Motor Vehicle,ITI Motor Vehicle Mechanic,NSTI Vadodara,Vadodara,Gujarat,22.3072,73.1812,demo_synth_2026,2026,true,false,NSTI,NCVT,true,false,City bus connectivity available,true
Mechanic Diesel,ITI Diesel Mechanic,Government ITI Ranchi,Ranchi,Jharkhand,23.3441,85.3096,demo_synth_2026,2026,true,false,Government ITI,NCVT,false,true,Shared auto and bus stop at entrance,true
Mechanic Diesel,ITI Diesel Mechanic,PMKK Skill Hub Bardhaman,Bardhaman,West Bengal,23.2324,87.8615,demo_synth_2026,2026,true,false,PMKK Skill Hub,MSDE,true,true,Local bus and mini-van stop,true
Plumber,ITI Plumber,Government ITI Kanpur,Kanpur,Uttar Pradesh,26.4499,80.3319,demo_synth_2026,2026,true,false,Government ITI,NCVT,true,true,Bus shuttle from Central Station,true
Plumber,ITI Plumber,Industrial Training Centre Lucknow,Lucknow,Uttar Pradesh,26.8467,80.9462,demo_synth_2026,2026,true,false,Industrial Training Centre,MSDE,true,false,Adjacent to metro feeder route,true
Carpenter,ITI Carpenter,Government ITI Varanasi,Varanasi,Uttar Pradesh,25.3176,82.9739,demo_synth_2026,2026,true,false,Government ITI,NCVT,false,true,Public bus route 14 stops at gate,true
Carpenter,ITI Carpenter,NSTI Patna,Patna,Bihar,25.5941,85.1376,demo_synth_2026,2026,true,false,NSTI,NCVT,true,true,5 mins walk from Rajendra Nagar terminal,true
Mason,ITI Mason,Government ITI Gaya,Gaya,Bihar,24.7955,85.0002,demo_synth_2026,2026,true,false,Government ITI,NCVT,true,true,Dedicated institute transport available,true
Mason,ITI Mason,PMKK Skill Hub Nagpur,Nagpur,Maharashtra,21.1458,79.0882,demo_synth_2026,2026,true,false,PMKK Skill Hub,MSDE,true,false,Metro feeder line stop within 200m,true
Painter,ITI Painter,Government ITI Pune,Pune,Maharashtra,18.5204,73.8567,demo_synth_2026,2026,true,false,Government ITI,NCVT,false,true,PMPML bus stand at campus gate,true
Painter,ITI Painter,Industrial Training Centre Nashik,Nashik,Maharashtra,19.9975,73.7898,demo_synth_2026,2026,true,false,Industrial Training Centre,MSDE,true,true,City transit connectivity available,true
Refrigeration and AC Mechanic,ITI Refrigeration and AC Mechanic,Government ITI Jaipur,Jaipur,Rajasthan,26.9124,75.7873,demo_synth_2026,2026,true,false,Government ITI,NCVT,true,true,Direct low-floor bus connectivity,true
Refrigeration and AC Mechanic,ITI Refrigeration and AC Mechanic,NSTI Jodhpur,Jodhpur,Rajasthan,26.2389,73.0243,demo_synth_2026,2026,true,false,NSTI,NCVT,true,false,Bus stop right opposite main gate,true
Computer Hardware Maintenance,ITI Computer Hardware Maintenance,Government ITI Bhopal,Bhopal,Madhya Pradesh,23.2599,77.4126,demo_synth_2026,2026,true,false,Government ITI,NCVT,false,true,City link bus service every 15 mins,true
Computer Hardware Maintenance,ITI Computer Hardware Maintenance,PMKK Skill Hub Indore,Indore,Madhya Pradesh,22.7196,75.8577,demo_synth_2026,2026,true,false,PMKK Skill Hub,MSDE,true,true,iBus BRTS station 300m away,true
Instrument Mechanic,ITI Instrument Mechanic,Government ITI Ahmedabad,Ahmedabad,Gujarat,23.0225,72.5714,demo_synth_2026,2026,true,false,Government ITI,NCVT,true,true,AMTS route 42 terminates at gate,true
Instrument Mechanic,ITI Instrument Mechanic,Industrial Training Centre Vadodara,Vadodara,Gujarat,22.3072,73.1812,demo_synth_2026,2026,true,false,Industrial Training Centre,MSDE,true,false,City bus connectivity available,true
CNC Turning Operator,ITI CNC Turning,Government ITI Ranchi,Ranchi,Jharkhand,23.3441,85.3096,demo_synth_2026,2026,true,false,Government ITI,NCVT,false,true,Shared auto and bus stop at entrance,true
CNC Turning Operator,ITI CNC Turning,NSTI Bardhaman,Bardhaman,West Bengal,23.2324,87.8615,demo_synth_2026,2026,true,false,NSTI,NCVT,true,true,Local bus and mini-van stop,true
Tool and Die Maker,ITI Tool and Die,Government ITI Kanpur,Kanpur,Uttar Pradesh,26.4499,80.3319,demo_synth_2026,2026,true,false,Government ITI,NCVT,true,true,Bus shuttle from Central Station,true
Tool and Die Maker,ITI Tool and Die,PMKK Skill Hub Lucknow,Lucknow,Uttar Pradesh,26.8467,80.9462,demo_synth_2026,2026,true,false,PMKK Skill Hub,MSDE,true,false,Adjacent to metro feeder route,true
Solar PV Technician,Solar PV Installer Certificate,Government ITI Varanasi,Varanasi,Uttar Pradesh,25.3176,82.9739,demo_synth_2026,2026,true,false,Government ITI,NCVT,false,true,Public bus route 14 stops at gate,true
Solar PV Technician,Solar PV Installer Certificate,Industrial Training Centre Patna,Patna,Bihar,25.5941,85.1376,demo_synth_2026,2026,true,false,Industrial Training Centre,MSDE,true,true,5 mins walk from Rajendra Nagar terminal,true
Wind Turbine Technician,Wind Turbine Technician Course,Government ITI Gaya,Gaya,Bihar,24.7955,85.0002,demo_synth_2026,2026,true,false,Government ITI,NCVT,true,true,Dedicated institute transport available,true
Wind Turbine Technician,Wind Turbine Technician Course,NSTI Nagpur,Nagpur,Maharashtra,21.1458,79.0882,demo_synth_2026,2026,true,false,NSTI,NCVT,true,false,Metro feeder line stop within 200m,true
HVAC Technician,HVAC Technician Certificate,Government ITI Pune,Pune,Maharashtra,18.5204,73.8567,demo_synth_2026,2026,true,false,Government ITI,NCVT,false,true,PMPML bus stand at campus gate,true
HVAC Technician,HVAC Technician Certificate,PMKK Skill Hub Nashik,Nashik,Maharashtra,19.9975,73.7898,demo_synth_2026,2026,true,false,PMKK Skill Hub,MSDE,true,true,City transit connectivity available,true
Data Scientist,Master of Science in Data Science,Government ITI Jaipur,Jaipur,Rajasthan,26.9124,75.7873,demo_synth_2026,2026,true,false,Government ITI,NCVT,true,true,Direct low-floor bus connectivity,true
Data Scientist,Master of Science in Data Science,Industrial Training Centre Jodhpur,Jodhpur,Rajasthan,26.2389,73.0243,demo_synth_2026,2026,true,false,Industrial Training Centre,MSDE,true,false,Bus stop right opposite main gate,true
Database Administrator,Database Administration Certificate,Government ITI Bhopal,Bhopal,Madhya Pradesh,23.2599,77.4126,demo_synth_2026,2026,true,false,Government ITI,NCVT,false,true,City link bus service every 15 mins,true
Database Administrator,Database Administration Certificate,NSTI Indore,Indore,Madhya Pradesh,22.7196,75.8577,demo_synth_2026,2026,true,false,NSTI,NCVT,true,true,iBus BRTS station 300m away,true
Network Administrator,CCNA Networking,Government ITI Ahmedabad,Ahmedabad,Gujarat,23.0225,72.5714,demo_synth_2026,2026,true,false,Government ITI,NCVT,true,true,AMTS route 42 terminates at gate,true
Network Administrator,CCNA Networking,PMKK Skill Hub Vadodara,Vadodara,Gujarat,22.3072,73.1812,demo_synth_2026,2026,true,false,PMKK Skill Hub,MSDE,true,false,City bus connectivity available,true
UI UX Designer,UI UX Design Programme,Government ITI Ranchi,Ranchi,Jharkhand,23.3441,85.3096,demo_synth_2026,2026,true,false,Government ITI,NCVT,false,true,Shared auto and bus stop at entrance,true
UI UX Designer,UI UX Design Programme,Industrial Training Centre Bardhaman,Bardhaman,West Bengal,23.2324,87.8615,demo_synth_2026,2026,true,false,Industrial Training Centre,MSDE,true,true,Local bus and mini-van stop,true
Digital Marketer,Digital Marketing Certificate,Government ITI Kanpur,Kanpur,Uttar Pradesh,26.4499,80.3319,demo_synth_2026,2026,true,false,Government ITI,NCVT,true,true,Bus shuttle from Central Station,true
Digital Marketer,Digital Marketing Certificate,NSTI Lucknow,Lucknow,Uttar Pradesh,26.8467,80.9462,demo_synth_2026,2026,true,false,NSTI,NCVT,true,false,Adjacent to metro feeder route,true
Graphic Designer,Diploma in Graphic Design,Government ITI Varanasi,Varanasi,Uttar Pradesh,25.3176,82.9739,demo_synth_2026,2026,true,false,Government ITI,NCVT,false,true,Public bus route 14 stops at gate,true
Graphic Designer,Diploma in Graphic Design,PMKK Skill Hub Patna,Patna,Bihar,25.5941,85.1376,demo_synth_2026,2026,true,false,PMKK Skill Hub,MSDE,true,true,5 mins walk from Rajendra Nagar terminal,true
Staff Nurse,General Nursing and Midwifery,Government ITI Gaya,Gaya,Bihar,24.7955,85.0002,demo_synth_2026,2026,true,false,Government ITI,NCVT,true,true,Dedicated institute transport available,true
Staff Nurse,General Nursing and Midwifery,Industrial Training Centre Nagpur,Nagpur,Maharashtra,21.1458,79.0882,demo_synth_2026,2026,true,false,Industrial Training Centre,MSDE,true,false,Metro feeder line stop within 200m,true
Nursing Assistant,Nursing Assistant Training,Government ITI Pune,Pune,Maharashtra,18.5204,73.8567,demo_synth_2026,2026,true,false,Government ITI,NCVT,false,true,PMPML bus stand at campus gate,true
Nursing Assistant,Nursing Assistant Training,NSTI Nashik,Nashik,Maharashtra,19.9975,73.7898,demo_synth_2026,2026,true,false,NSTI,NCVT,true,true,City transit connectivity available,true
Pharmacy Technician,Diploma in Pharmacy,Government ITI Jaipur,Jaipur,Rajasthan,26.9124,75.7873,demo_synth_2026,2026,true,false,Government ITI,NCVT,true,true,Direct low-floor bus connectivity,true
Pharmacy Technician,Diploma in Pharmacy,PMKK Skill Hub Jodhpur,Jodhpur,Rajasthan,26.2389,73.0243,demo_synth_2026,2026,true,false,PMKK Skill Hub,MSDE,true,false,Bus stop right opposite main gate,true
Medical Lab Technician,BSc Medical Laboratory Technology,Government ITI Bhopal,Bhopal,Madhya Pradesh,23.2599,77.4126,demo_synth_2026,2026,true,false,Government ITI,NCVT,false,true,City link bus service every 15 mins,true
Medical Lab Technician,BSc Medical Laboratory Technology,Industrial Training Centre Indore,Indore,Madhya Pradesh,22.7196,75.8577,demo_synth_2026,2026,true,false,Industrial Training Centre,MSDE,true,true,iBus BRTS station 300m away,true
Radiology Technician,Diploma in Radiology,Government ITI Ahmedabad,Ahmedabad,Gujarat,23.0225,72.5714,demo_synth_2026,2026,true,false,Government ITI,NCVT,true,true,AMTS route 42 terminates at gate,true
Radiology Technician,Diploma in Radiology,NSTI Vadodara,Vadodara,Gujarat,22.3072,73.1812,demo_synth_2026,2026,true,false,NSTI,NCVT,true,false,City bus connectivity available,true
Physiotherapy Assistant,Diploma in Physiotherapy Assistance,Government ITI Ranchi,Ranchi,Jharkhand,23.3441,85.3096,demo_synth_2026,2026,true,false,Government ITI,NCVT,false,true,Shared auto and bus stop at entrance,true
Physiotherapy Assistant,Diploma in Physiotherapy Assistance,PMKK Skill Hub Bardhaman,Bardhaman,West Bengal,23.2324,87.8615,demo_synth_2026,2026,true,false,PMKK Skill Hub,MSDE,true,true,Local bus and mini-van stop,true
Paramedic,EMT Paramedic Course,Government ITI Kanpur,Kanpur,Uttar Pradesh,26.4499,80.3319,demo_synth_2026,2026,true,false,Government ITI,NCVT,true,true,Bus shuttle from Central Station,true
Paramedic,EMT Paramedic Course,Industrial Training Centre Lucknow,Lucknow,Uttar Pradesh,26.8467,80.9462,demo_synth_2026,2026,true,false,Industrial Training Centre,MSDE,true,false,Adjacent to metro feeder route,true
ANM Midwife,Auxiliary Nurse Midwifery,Government ITI Varanasi,Varanasi,Uttar Pradesh,25.3176,82.9739,demo_synth_2026,2026,true,false,Government ITI,NCVT,false,true,Public bus route 14 stops at gate,true
ANM Midwife,Auxiliary Nurse Midwifery,NSTI Patna,Patna,Bihar,25.5941,85.1376,demo_synth_2026,2026,true,false,NSTI,NCVT,true,true,5 mins walk from Rajendra Nagar terminal,true
Dental Hygienist,Diploma in Dental Hygiene,Government ITI Gaya,Gaya,Bihar,24.7955,85.0002,demo_synth_2026,2026,true,false,Government ITI,NCVT,true,true,Dedicated institute transport available,true
Dental Hygienist,Diploma in Dental Hygiene,PMKK Skill Hub Nagpur,Nagpur,Maharashtra,21.1458,79.0882,demo_synth_2026,2026,true,false,PMKK Skill Hub,MSDE,true,false,Metro feeder line stop within 200m,true
Nutritionist,BSc Nutrition and Dietetics,Government ITI Pune,Pune,Maharashtra,18.5204,73.8567,demo_synth_2026,2026,true,false,Government ITI,NCVT,false,true,PMPML bus stand at campus gate,true
Nutritionist,BSc Nutrition and Dietetics,Industrial Training Centre Nashik,Nashik,Maharashtra,19.9975,73.7898,demo_synth_2026,2026,true,false,Industrial Training Centre,MSDE,true,true,City transit connectivity available,true
Optometrist,Diploma in Optometry,Government ITI Jaipur,Jaipur,Rajasthan,26.9124,75.7873,demo_synth_2026,2026,true,false,Government ITI,NCVT,true,true,Direct low-floor bus connectivity,true
Optometrist,Diploma in Optometry,NSTI Jodhpur,Jodhpur,Rajasthan,26.2389,73.0243,demo_synth_2026,2026,true,false,NSTI,NCVT,true,false,Bus stop right opposite main gate,true
Dialysis Technician,Dialysis Technician Certificate,Government ITI Bhopal,Bhopal,Madhya Pradesh,23.2599,77.4126,demo_synth_2026,2026,true,false,Government ITI,NCVT,false,true,City link bus service every 15 mins,true
Dialysis Technician,Dialysis Technician Certificate,PMKK Skill Hub Indore,Indore,Madhya Pradesh,22.7196,75.8577,demo_synth_2026,2026,true,false,PMKK Skill Hub,MSDE,true,true,iBus BRTS station 300m away,true
School Teacher,Bachelor of Education,Government ITI Ahmedabad,Ahmedabad,Gujarat,23.0225,72.5714,demo_synth_2026,2026,true,false,Government ITI,NCVT,true,true,AMTS route 42 terminates at gate,true
School Teacher,Bachelor of Education,Industrial Training Centre Vadodara,Vadodara,Gujarat,22.3072,73.1812,demo_synth_2026,2026,true,false,Industrial Training Centre,MSDE,true,false,City bus connectivity available,true
Anganwadi Worker,Child Care Worker Training,Government ITI Ranchi,Ranchi,Jharkhand,23.3441,85.3096,demo_synth_2026,2026,true,false,Government ITI,NCVT,false,true,Shared auto and bus stop at entrance,true
Anganwadi Worker,Child Care Worker Training,NSTI Bardhaman,Bardhaman,West Bengal,23.2324,87.8615,demo_synth_2026,2026,true,false,NSTI,NCVT,true,true,Local bus and mini-van stop,true
